
SQL> select * from employees_11 where job='MANAGER';

     EMPNO ENAME      JOB              MGR HIREDATE         SAL       COMM
---------- ---------- --------- ---------- --------- ---------- ----------
    DEPTNO
----------
      1002 BLAKE      MANAGER         2102 01-MAY-19      25000
        30

      1003 CLARK      MANAGER         3103 09-JUN-21      24000
        10

      1004 JONES      MANAGER         4104 02-APR-21      22500
        20


SQL> select * from employees_11 where job='PRESIDENT';

     EMPNO ENAME      JOB              MGR HIREDATE         SAL       COMM
---------- ---------- --------- ---------- --------- ---------- ----------
    DEPTNO
----------
      1001 KING       PRESIDENT       1101 17-NOV-20      28000
        10


SQL> select * from employees_11 where job in('MANAGER', 'CLERK');

     EMPNO ENAME      JOB              MGR HIREDATE         SAL       COMM
---------- ---------- --------- ---------- --------- ---------- ----------
    DEPTNO
----------
      1002 BLAKE      MANAGER         2102 01-MAY-19      25000
        30

      1003 CLARK      MANAGER         3103 09-JUN-21      24000
        10

      1004 JONES      MANAGER         4104 02-APR-21      22500
        20


     EMPNO ENAME      JOB              MGR HIREDATE         SAL       COMM
---------- ---------- --------- ---------- --------- ---------- ----------
    DEPTNO
----------
      1007 SMITH      CLERK           7107 17-DEC-20      13000
        20

      1011 ADAMS      CLERK           1111 13-MAY-19      12000
        20

      1012 JAMES      CLERK           1212 03-DEC-20       9000
        30


     EMPNO ENAME      JOB              MGR HIREDATE         SAL       COMM
---------- ---------- --------- ---------- --------- ---------- ----------
    DEPTNO
----------
      1013 MILLER     CLERK           1313 23-JAN-21      11300
        10


7 rows selected.

SQL> commit;

Commit complete.
SQL> Select * from employees_11 where job='Manager' and deptno=10;

no rows selected

SQL> select * from employees_11 where job='MANAGER' and DEPTNO=10;

     EMPNO ENAME      JOB              MGR HIREDATE         SAL       COMM
---------- ---------- --------- ---------- --------- ---------- ----------
    DEPTNO
----------
      1003 CLARK      MANAGER         3103 09-JUN-21      24000
        10


SQL> select * from employees_11 where DEPTNO=10;

     EMPNO ENAME      JOB              MGR HIREDATE         SAL       COMM
---------- ---------- --------- ---------- --------- ---------- ----------
    DEPTNO
----------
      1001 KING       PRESIDENT       1101 17-NOV-20      28000
        10

      1003 CLARK      MANAGER         3103 09-JUN-21      24000
        10

      1013 MILLER     CLERK           1313 23-JAN-21      11300
        10


     EMPNO ENAME      JOB              MGR HIREDATE         SAL       COMM
---------- ---------- --------- ---------- --------- ---------- ----------
    DEPTNO
----------
      1014 JAKE       SALESMAN        1414 16-AUG-21      12300        800
        10

      1015 TOM        CEO             1515 22-OCT-15      35000
        10


SQL> select * from employees_11 where DEPTNO in (20,30,40) and job not in('MANAGER');

     EMPNO ENAME      JOB              MGR HIREDATE         SAL       COMM
---------- ---------- --------- ---------- --------- ---------- ----------
    DEPTNO
----------
      1005 SCOTT      ANALYST         5105 13-JUL-20      23000
        20

      1006 FORD       ANALYST         6106 03-DEC-19      20000
        20

      1007 SMITH      CLERK           7107 17-DEC-20      13000
        20


     EMPNO ENAME      JOB              MGR HIREDATE         SAL       COMM
---------- ---------- --------- ---------- --------- ---------- ----------
    DEPTNO
----------
      1008 ALLEN      SALESMAN        8108 20-FEB-19      11600        300
        30

      1009 WARD       SALESMAN        9109 22-FEB-20      11250        500
        30

      1010 MARTIN     SALESMAN        1010 28-SEP-20      11250       1400
        30


     EMPNO ENAME      JOB              MGR HIREDATE         SAL       COMM
---------- ---------- --------- ---------- --------- ---------- ----------
    DEPTNO
----------
      1011 ADAMS      CLERK           1111 13-MAY-19      12000
        20

      1012 JAMES      CLERK           1212 03-DEC-20       9000
        30


8 rows selected.

SQL> select * from employees_11 where (job='MANAGER' and DEPTNO=10) or job='ANALYST';

     EMPNO ENAME      JOB              MGR HIREDATE         SAL       COMM
---------- ---------- --------- ---------- --------- ---------- ----------
    DEPTNO
----------
      1003 CLARK      MANAGER         3103 09-JUN-21      24000
        10

      1005 SCOTT      ANALYST         5105 13-JUL-20      23000
        20

      1006 FORD       ANALYST         6106 03-DEC-19      20000
        20


SQL> select * from employees_11 where job not in('PRESIDENT','ANALYST','SALESMAN');

     EMPNO ENAME      JOB              MGR HIREDATE         SAL       COMM
---------- ---------- --------- ---------- --------- ---------- ----------
    DEPTNO
----------
      1002 BLAKE      MANAGER         2102 01-MAY-19      25000
        30

      1003 CLARK      MANAGER         3103 09-JUN-21      24000
        10

      1004 JONES      MANAGER         4104 02-APR-21      22500
        20


     EMPNO ENAME      JOB              MGR HIREDATE         SAL       COMM
---------- ---------- --------- ---------- --------- ---------- ----------
    DEPTNO
----------
      1007 SMITH      CLERK           7107 17-DEC-20      13000
        20

      1011 ADAMS      CLERK           1111 13-MAY-19      12000
        20

      1012 JAMES      CLERK           1212 03-DEC-20       9000
        30


     EMPNO ENAME      JOB              MGR HIREDATE         SAL       COMM
---------- ---------- --------- ---------- --------- ---------- ----------
    DEPTNO
----------
      1013 MILLER     CLERK           1313 23-JAN-21      11300
        10

      1015 TOM        CEO             1515 22-OCT-15      35000
        10


8 rows selected.

SQL> select * from employees_11 where job='CLREK' and DEPTNO=10;

no rows selected

SQL> select * from employees_11 where job='CLERK' and DEPTNO=10;

     EMPNO ENAME      JOB              MGR HIREDATE         SAL       COMM
---------- ---------- --------- ---------- --------- ---------- ----------
    DEPTNO
----------
      1013 MILLER     CLERK           1313 23-JAN-21      11300
        10


SQL> 
